SET SQL_MODE = "NO_AUTO_VALUE_ON_ZERO";
SET time_zone = "+00:00";

/*!40101 SET @OLD_CHARACTER_SET_CLIENT=@@CHARACTER_SET_CLIENT */;
/*!40101 SET @OLD_CHARACTER_SET_RESULTS=@@CHARACTER_SET_RESULTS */;
/*!40101 SET @OLD_COLLATION_CONNECTION=@@COLLATION_CONNECTION */;
/*!40101 SET NAMES utf8 */;

CREATE DATABASE IF NOT EXISTS `career` DEFAULT CHARACTER SET utf8 COLLATE utf8_general_ci;
USE `career`;

CREATE TABLE IF NOT EXISTS `ability` (
  `s_id` varchar(10) COLLATE utf8_unicode_ci NOT NULL COMMENT '學生學號',
  `jt_id` int(3) NOT NULL COMMENT '職稱編號',
  `rec_subject` int(3) NOT NULL COMMENT '推薦課程',
  `l_score` int(3) NOT NULL COMMENT '證照分數',
  `rank_score` int(3) NOT NULL COMMENT '排名成績',
  `total` int(3) NOT NULL COMMENT '總分'
) ENGINE=InnoDB DEFAULT CHARSET=utf8 COLLATE=utf8_unicode_ci;

CREATE TABLE IF NOT EXISTS `back_user` (
  `id` int(3) NOT NULL AUTO_INCREMENT,
  `username` varchar(24) NOT NULL,
  `password` varchar(64) NOT NULL,
  PRIMARY KEY (`id`)
) ENGINE=InnoDB  DEFAULT CHARSET=utf8 AUTO_INCREMENT=2 ;

INSERT INTO `back_user` (`id`, `username`, `password`) VALUES
(1, 'careeradmin', 'ad5c3bd73e11ad2b91081e1da0602d1db9184f4c56ee543230c8a0681413f1c6');

CREATE TABLE IF NOT EXISTS `back_version` (
  `id` int(6) unsigned zerofill NOT NULL AUTO_INCREMENT,
  `v_name` varchar(30) NOT NULL,
  `v_type` varchar(15) NOT NULL,
  `v_update` datetime NOT NULL,
  `v_poster` varchar(24) NOT NULL,
  `v_gitsha` varchar(40) NOT NULL,
  `v_value` varchar(20) NOT NULL,
  `auth_key` varchar(128) NOT NULL,
  PRIMARY KEY (`id`)
) ENGINE=InnoDB  DEFAULT CHARSET=utf8 AUTO_INCREMENT=6 ;

INSERT INTO `back_version` (`id`, `v_name`, `v_type`, `v_update`, `v_poster`, `v_gitsha`, `v_value`, `auth_key`) VALUES
(000005, '職業夢想家-多語系資服版', 'release', '2015-10-10 00:00:00', 'JAMES', 'db0f2566e53299a5d24eaaf541b2e64517bad333', 'V1.0.0', 'befb983c76915cb4719d9beb8c0fc8b74b83385f7ac5813a69a9046b4114588e2e30b43c1a33c4442ffd5d0ee4a546e01f846c51227ba98d5f399284898531e5');

CREATE TABLE IF NOT EXISTS `job_information` (
  `j_id` int(10) NOT NULL AUTO_INCREMENT COMMENT '職業編號',
  `jt_id` int(10) NOT NULL COMMENT '職稱編號',
  `j_name` varchar(100) COLLATE utf8_unicode_ci NOT NULL COMMENT '職缺',
  `j_cname` varchar(100) COLLATE utf8_unicode_ci NOT NULL COMMENT '公司名稱',
  `j_address` varchar(50) COLLATE utf8_unicode_ci NOT NULL COMMENT '公司地址',
  `j_setdate` varchar(6) COLLATE utf8_unicode_ci NOT NULL COMMENT '發布日期',
  `j_update` datetime NOT NULL COMMENT '匯入時間',
  `j_url` varchar(500) COLLATE utf8_unicode_ci NOT NULL COMMENT '職缺網址',
  PRIMARY KEY (`j_id`)
) ENGINE=InnoDB DEFAULT CHARSET=utf8 COLLATE=utf8_unicode_ci AUTO_INCREMENT=1 ;

CREATE TABLE IF NOT EXISTS `job_title` (
  `jt_id` int(11) NOT NULL AUTO_INCREMENT COMMENT '職稱編號',
  `jt_name` varchar(30) COLLATE utf8_unicode_ci NOT NULL COMMENT '職稱',
  `title` varchar(10) COLLATE utf8_unicode_ci NOT NULL COMMENT '人力銀行搜尋職稱',
  PRIMARY KEY (`jt_id`)
) ENGINE=InnoDB  DEFAULT CHARSET=utf8 COLLATE=utf8_unicode_ci COMMENT='職稱' AUTO_INCREMENT=30 ;

INSERT INTO `job_title` (`jt_id`, `jt_name`, `title`) VALUES
(1, '電子商務技術人員', '電子商務'),
(2, '電腦網路及系統技術人員', '電腦網路人員'),
(3, '系統維護工程師', '系統維護工程師'),
(4, '產品設備維修工程師', '產品設備維修工程師'),
(5, '資訊助理人員', '資訊助理'),
(6, '資訊及通訊操作技術人員', '資訊及通訊技術'),
(7, '資訊及通訊技術服務經理人員', '資訊服務經理人員'),
(8, '系統工程師', '系統工程師'),
(9, '系統分析師', '系統分析師'),
(10, '系統分析工程師', '系統分析工程師'),
(11, '軟體設計工程師', '軟體設計工程師'),
(12, '資料庫設計師/管理師', '資料庫管理師'),
(13, '數學精算及統計學專業人員', '會計精算'),
(14, '金融分析/經濟學專業人員', '金融經濟分析師'),
(15, 'MIS/網管人員', '網管人員'),
(16, 'MIS工程師', 'MIS工程師'),
(17, '市場調查分析主管人員', '市場調查分析主管'),
(18, '資訊及通訊技術銷售專業人員', '資訊銷售專業'),
(19, '客戶服務工程師', '客戶服務工程師'),
(20, '電腦網路專業人員', '電腦網路專業人員'),
(21, '網路/資訊安全分析師', '資訊安全分析師'),
(22, '網路管理工程師', '網路管理工程師'),
(23, '網路維運工程師', '網路維運工程師'),
(24, '業務支援工程師', '業務支援工程師'),
(25, '資訊及通訊使用者支援技術人員', '資訊技術支援人員'),
(26, '網頁設計師', '網頁設計師'),
(27, '電玩程式設計師', '電玩程式設計師'),
(28, '網站程式設計師', '網站程式設計師'),
(29, '演算法開發工程師', '演算法開發工程師');

CREATE TABLE IF NOT EXISTS `license` (
  `l_id` int(11) NOT NULL AUTO_INCREMENT COMMENT '證照編號',
  `l_name` varchar(30) COLLATE utf8_unicode_ci NOT NULL COMMENT '證照名稱',
  `l_class` varchar(2) COLLATE utf8_unicode_ci NOT NULL COMMENT '分類',
  `value` int(3) NOT NULL COMMENT '等級分數',
  PRIMARY KEY (`l_id`)
) ENGINE=InnoDB  DEFAULT CHARSET=utf8 COLLATE=utf8_unicode_ci AUTO_INCREMENT=21 ;

INSERT INTO `license` (`l_id`, `l_name`, `l_class`, `value`) VALUES
(1, 'TOEIC', 'A', 30),
(2, 'TOEFL', 'A', 30),
(3, 'SCJP', 'A', 30),
(4, 'CCNA', 'A', 30),
(5, 'CCNP', 'A', 30),
(6, 'CCIE', 'A', 30),
(7, 'MCSE', 'A', 30),
(8, 'RHCE', 'A', 30),
(9, 'MCSD for .NET', 'A', 30),
(10, 'SCJP', 'A', 30),
(11, 'LPIC Level 1', 'A', 30),
(12, 'LPIC Level 2', 'A', 30),
(13, 'LPIC Level 3', 'A', 30),
(14, 'TQC Word 實用級', 'B', 15),
(15, 'TQC PowerPoint 實用級', 'B', 15),
(16, 'TQC Excel 實用級', 'B', 15),
(17, 'TQC 網際網路及行動通訊 實用級', 'B', 15),
(18, 'TQC 作業系統 - Windows', 'A', 30),
(19, 'TQC 作業系統 - Linux 系統管理', 'A', 30),
(20, 'TQC 作業系統 - Linux 網路管理', 'A', 30);

CREATE TABLE IF NOT EXISTS `message` (
  `m_id` int(11) NOT NULL AUTO_INCREMENT COMMENT '訊息編號',
  `sender` varchar(20) COLLATE utf8_unicode_ci NOT NULL COMMENT '寄件者',
  `level` varchar(15) COLLATE utf8_unicode_ci NOT NULL COMMENT 'course, job, and other',
  `message` varchar(100) COLLATE utf8_unicode_ci NOT NULL COMMENT '內容',
  `info` varchar(200) COLLATE utf8_unicode_ci NOT NULL,
  `timestamp` timestamp NULL DEFAULT CURRENT_TIMESTAMP ON UPDATE CURRENT_TIMESTAMP COMMENT '寄送時間',
  PRIMARY KEY (`m_id`)
) ENGINE=MyISAM  DEFAULT CHARSET=utf8 COLLATE=utf8_unicode_ci COMMENT='推播訊息' AUTO_INCREMENT=135 ;

INSERT INTO `message` (`m_id`, `sender`, `level`, `message`, `info`, `timestamp`) VALUES
(94, 'system', 'job', 'newjob', '100 jobs from 104', '2014-11-07 06:01:13'),
(95, 'system', 'job', 'newjob', '100 jobs from 104', '2014-11-07 06:02:38'),
(96, 'system', 'job', 'newjob', '100', '2014-11-07 06:09:57'),
(119, 'yeh', 'course', '建議選修課程', '網頁程式設計', '2014-11-08 01:04:12'),
(118, 'system', 'job', '新工作通知', '', '2014-11-08 01:03:55'),
(117, 'system', 'job', '新工作通知', '', '2014-11-08 00:55:41'),
(116, 'yeh', 'course', '建議選修課程', '網頁程式設計', '2014-11-07 19:00:37'),
(115, 'system', 'job', '新工作通知', '', '2014-11-07 18:59:49'),
(114, 'system', 'job', '新工作通知', '', '2014-11-07 18:11:18'),
(113, 'yeh', 'course', '建議選修課程', '網頁程式設計', '2014-11-07 14:25:16'),
(112, 'system', 'job', '新工作通知', '', '2014-11-07 14:24:50'),
(111, 'system', 'job', '新工作通知', '', '2014-11-07 14:24:26'),
(110, 'system', 'job', '新工作通知', '2014/11/07 104 有 6 個新工作', '2014-11-07 06:58:23'),
(120, 'yeh', 'course', '建議選修課程', '網頁程式設計', '2014-11-08 02:02:36'),
(121, 'yeh', 'course', '建議選修課程', '網頁程式設計', '2014-11-08 03:57:26'),
(122, 'system', 'job', '新工作通知', '', '2014-11-08 05:34:51'),
(123, 'yeh', 'course', '建議選修課程', '網頁程式設計', '2015-05-14 08:28:20'),
(124, 'yeh', 'course', '建議選修課程', '網頁程式設計', '2015-05-14 08:29:15'),
(125, 'system', 'job', '新工作通知', '', '2015-05-14 08:30:12'),
(126, 'yeh', 'course', '2suggestcoure', 'test', '2015-05-15 04:34:03'),
(127, 'yeh', 'course', '2suggestcoure', 'test', '2015-05-15 04:34:21'),
(128, 'yeh', 'course', '2suggestcoure', 'test', '2015-05-15 04:34:32'),
(129, 'yeh', 'course', '建議選修課程', '網頁程式設計', '2015-05-15 04:36:11'),
(130, 'yeh', 'course', '建議選修課程', '網頁程式設計', '2015-05-15 04:36:47'),
(131, 'system', 'job', '新工作通知', '', '2015-05-15 04:37:33'),
(132, 'yeh', 'course', '建議選修課程', '網頁程式設計', '2015-05-15 04:42:36'),
(133, 'yeh', 'course', '建議選修課程', '網頁程式設計', '2015-05-15 06:51:21'),
(134, 'yeh', 'info', 'hello', 'nothing', '2015-12-28 04:53:31');

CREATE TABLE IF NOT EXISTS `message_log` (
  `m_id` int(11) NOT NULL,
  `receiver_id` varchar(100) COLLATE utf8_unicode_ci NOT NULL,
  `status` tinyint(4) NOT NULL COMMENT '0:sent failure, 1:success, 2:read already'
) ENGINE=MyISAM DEFAULT CHARSET=utf8 COLLATE=utf8_unicode_ci;

INSERT INTO `message_log` (`m_id`, `receiver_id`, `status`) VALUES
(80, '93', 1),
(80, '94', 1),
(80, '91', 1),
(81, '94', 1),
(81, '91', 1),
(82, '94', 1),
(82, '91', 1),
(83, '94', 1),
(83, '95', 1),
(83, '91', 1),
(84, '95', 1),
(84, '91', 1),
(85, '95', 1),
(85, '91', 1),
(86, '95', 1),
(86, '91', 1),
(87, '95', 1),
(87, '91', 1),
(88, '95', 1),
(88, '91', 1),
(89, '95', 1),
(89, '96', 1),
(89, '97', 1),
(89, '98', 1),
(89, '91', 1),
(90, '95', 1),
(90, '100', 1),
(90, '102', 1),
(90, '103', 1),
(90, '104', 1),
(90, '105', 1),
(90, '91', 1),
(91, '91', 1),
(92, '95', 1),
(92, '102', 1),
(92, '103', 1),
(92, '104', 1),
(92, '105', 1),
(92, '91', 1),
(93, '95', 1),
(93, '102', 1),
(93, '103', 1),
(93, '104', 1),
(93, '105', 1),
(93, '91', 1),
(94, '95', 1),
(94, '102', 1),
(94, '103', 1),
(94, '104', 1),
(94, '105', 1),
(94, '91', 1),
(95, '95', 1),
(95, '102', 1),
(95, '103', 1),
(95, '104', 1),
(95, '105', 1),
(95, '91', 1),
(96, '95', 1),
(96, '102', 1),
(96, '103', 1),
(96, '104', 1),
(96, '105', 1),
(96, '91', 1),
(97, '95', 1),
(97, '102', 1),
(97, '103', 1),
(97, '104', 1),
(97, '105', 1),
(97, '91', 1),
(98, '95', 1),
(98, '102', 1),
(98, '103', 1),
(98, '104', 1),
(98, '105', 1),
(98, '91', 1),
(99, '95', 1),
(99, '102', 1),
(99, '103', 1),
(99, '104', 1),
(99, '105', 1),
(99, '91', 1),
(100, '95', 1),
(100, '102', 1),
(100, '103', 1),
(100, '104', 1),
(100, '105', 1),
(100, '91', 1),
(101, '95', 1),
(101, '102', 1),
(101, '103', 1),
(101, '104', 1),
(101, '105', 1),
(101, '91', 1),
(102, '95', 1),
(102, '102', 1),
(102, '103', 1),
(102, '104', 1),
(102, '105', 1),
(102, '91', 1),
(103, '95', 1),
(103, '102', 1),
(103, '103', 1),
(103, '104', 1),
(103, '105', 1),
(103, '91', 1),
(104, '95', 1),
(104, '102', 1),
(104, '103', 1),
(104, '104', 1),
(104, '105', 1),
(104, '91', 1),
(105, '95', 1),
(105, '102', 1),
(105, '103', 1),
(105, '104', 1),
(105, '105', 1),
(105, '91', 1),
(106, '95', 1),
(106, '102', 1),
(106, '103', 1),
(106, '104', 1),
(106, '105', 1),
(106, '91', 1),
(107, '95', 1),
(107, '102', 1),
(107, '103', 1),
(107, '104', 1),
(107, '105', 1),
(107, '91', 1),
(108, '95', 1),
(108, '102', 1),
(108, '103', 1),
(108, '104', 1),
(108, '105', 1),
(108, '91', 1),
(109, '95', 1),
(109, '102', 1),
(109, '103', 1),
(109, '104', 1),
(109, '105', 1),
(109, '91', 1),
(110, '95', 1),
(110, '102', 1),
(110, '103', 1),
(110, '104', 1),
(110, '105', 1),
(110, '91', 1),
(111, '95', 1),
(111, '102', 1),
(111, '103', 1),
(111, '104', 1),
(111, '105', 1),
(111, '91', 1),
(112, '95', 1),
(112, '102', 1),
(112, '103', 1),
(112, '104', 1),
(112, '105', 1),
(112, '91', 1),
(113, '95', 1),
(113, '102', 1),
(113, '103', 1),
(113, '104', 1),
(113, '105', 1),
(113, '91', 1),
(114, '95', 1),
(114, '102', 1),
(114, '103', 1),
(114, '104', 1),
(114, '105', 1),
(114, '106', 1),
(114, '91', 1),
(115, '95', 1),
(115, '102', 1),
(115, '103', 1),
(115, '104', 1),
(115, '105', 1),
(115, '106', 1),
(115, '91', 1),
(116, '95', 1),
(116, '102', 1),
(116, '103', 1),
(116, '104', 1),
(116, '105', 1),
(116, '106', 1),
(116, '91', 1),
(117, '95', 1),
(117, '102', 1),
(117, '103', 1),
(117, '104', 1),
(117, '105', 1),
(117, '106', 1),
(117, '91', 1),
(118, '95', 1),
(118, '102', 1),
(118, '103', 1),
(118, '104', 1),
(118, '105', 1),
(118, '106', 1),
(118, '91', 1),
(119, '95', 1),
(119, '102', 1),
(119, '103', 1),
(119, '104', 1),
(119, '105', 1),
(119, '106', 1),
(119, '91', 1),
(120, '95', 1),
(120, '102', 1),
(120, '103', 1),
(120, '104', 1),
(120, '105', 1),
(120, '106', 1),
(120, '91', 1),
(121, '95', 1),
(121, '102', 1),
(121, '103', 1),
(121, '104', 1),
(121, '105', 1),
(121, '106', 1),
(121, '91', 1),
(122, '95', 1),
(122, '102', 1),
(122, '103', 1),
(122, '104', 1),
(122, '105', 1),
(122, '106', 1),
(122, '91', 1),
(123, '102', 1),
(123, '103', 1),
(123, '104', 1),
(123, '105', 1),
(123, '106', 1),
(123, '107', 1),
(123, '108', 1),
(123, '91', 1),
(124, '102', 1),
(124, '103', 1),
(124, '104', 1),
(124, '105', 1),
(124, '106', 1),
(124, '107', 1),
(124, '108', 1),
(124, '91', 1),
(125, '102', 1),
(125, '103', 1),
(125, '104', 1),
(125, '105', 1),
(125, '106', 1),
(125, '107', 1),
(125, '108', 1),
(125, '91', 1),
(126, '102', 1),
(126, '103', 1),
(126, '104', 1),
(126, '105', 1),
(126, '106', 1),
(126, '107', 1),
(126, '108', 1),
(126, '91', 1),
(127, '102', 1),
(127, '103', 1),
(127, '104', 1),
(127, '105', 1),
(127, '106', 1),
(127, '107', 1),
(127, '108', 1),
(127, '91', 1),
(128, '102', 1),
(128, '103', 1),
(128, '104', 1),
(128, '105', 1),
(128, '106', 1),
(128, '107', 1),
(128, '108', 1),
(128, '91', 1),
(129, '102', 1),
(129, '103', 1),
(129, '104', 1),
(129, '105', 1),
(129, '106', 1),
(129, '107', 1),
(129, '108', 1),
(129, '91', 1),
(130, '102', 1),
(130, '103', 1),
(130, '104', 1),
(130, '105', 1),
(130, '106', 1),
(130, '107', 1),
(130, '108', 1),
(130, '91', 1),
(131, '102', 1),
(131, '103', 1),
(131, '104', 1),
(131, '105', 1),
(131, '106', 1),
(131, '107', 1),
(131, '108', 1),
(131, '91', 1),
(132, '102', 1),
(132, '103', 1),
(132, '104', 1),
(132, '105', 1),
(132, '106', 1),
(132, '107', 1),
(132, '108', 1),
(132, '91', 1),
(133, '102', 1),
(133, '103', 1),
(133, '104', 1),
(133, '105', 1),
(133, '106', 1),
(133, '107', 1),
(133, '108', 1),
(133, '91', 1),
(134, '91', 1);

CREATE TABLE IF NOT EXISTS `professional_subject` (
  `jt_id` int(11) NOT NULL COMMENT '職稱編號',
  `jt_name` varchar(30) COLLATE utf8_unicode_ci NOT NULL COMMENT '職稱',
  `subject_name` varchar(50) COLLATE utf8_unicode_ci NOT NULL COMMENT '課程名稱'
) ENGINE=InnoDB DEFAULT CHARSET=utf8 COLLATE=utf8_unicode_ci COMMENT='職稱課程對應';

INSERT INTO `professional_subject` (`jt_id`, `jt_name`, `subject_name`) VALUES
(1, '電子商務技術人員', '資訊科技應用'),
(1, '電子商務技術人員', '數位媒體概論'),
(1, '電子商務技術人員', '程式設計(一)'),
(1, '電子商務技術人員', '微積分(一)'),
(1, '電子商務技術人員', '經濟學'),
(1, '電子商務技術人員', '計算機概論'),
(1, '電子商務技術人員', '資訊管理導論'),
(1, '電子商務技術人員', '程式設計(二)'),
(1, '電子商務技術人員', '人力資源管理'),
(1, '電子商務技術人員', '資料結構'),
(1, '電子商務技術人員', '網站美工與視覺設計'),
(1, '電子商務技術人員', '物件導向與設計原理'),
(1, '電子商務技術人員', '資料庫管理'),
(1, '電子商務技術人員', '網路行銷'),
(1, '電子商務技術人員', '視窗程式設計'),
(1, '電子商務技術人員', '統計學進階'),
(1, '電子商務技術人員', '網頁程式設計'),
(1, '電子商務技術人員', '專題（一）'),
(1, '電子商務技術人員', '作業研究'),
(1, '電子商務技術人員', '資料庫應用'),
(1, '電子商務技術人員', '電子商務'),
(1, '電子商務技術人員', '網際網路程式設計'),
(1, '電子商務技術人員', 'SCJP實務應用'),
(1, '電子商務技術人員', '商務實務經營系統模擬'),
(1, '電子商務技術人員', '資料探勘'),
(1, '電子商務技術人員', '專題（二）'),
(1, '電子商務技術人員', '供應鏈管理'),
(1, '電子商務技術人員', '資訊安全'),
(1, '電子商務技術人員', '決策支援系統'),
(1, '電子商務技術人員', '.NET實務應用'),
(1, '電子商務技術人員', '專案管理'),
(1, '電子商務技術人員', '知識管理'),
(1, '電子商務技術人員', '企業資源規劃實務'),
(1, '電子商務技術人員', '專題（三）'),
(1, '電子商務技術人員', '網路商務經營模式'),
(1, '電子商務技術人員', '電子商務網站實務'),
(1, '電子商務技術人員', '資訊倫理與法律'),
(1, '電子商務技術人員', '創業管理'),
(1, '電子商務技術人員', '顧客關係管理'),
(2, '電腦網路及系統技術人員', '資訊科技應用'),
(2, '電腦網路及系統技術人員', '程式設計(一)'),
(2, '電腦網路及系統技術人員', '計算機概論'),
(2, '電腦網路及系統技術人員', '資訊管理導論'),
(2, '電腦網路及系統技術人員', '程式設計(二)'),
(2, '電腦網路及系統技術人員', '資料結構'),
(2, '電腦網路及系統技術人員', '物件導向設計原理'),
(2, '電腦網路及系統技術人員', '資訊網路'),
(2, '電腦網路及系統技術人員', '網路伺服器管理'),
(2, '電腦網路及系統技術人員', '視窗程式設計'),
(2, '電腦網路及系統技術人員', '專題（一）'),
(2, '電腦網路及系統技術人員', '作業研究'),
(2, '電腦網路及系統技術人員', '電子商務'),
(2, '電腦網路及系統技術人員', 'SCJP實務應用'),
(2, '電腦網路及系統技術人員', '專題（二）'),
(2, '電腦網路及系統技術人員', '.NET實務應用'),
(2, '電腦網路及系統技術人員', '顧客關係管理'),
(2, '電腦網路及系統技術人員', 'LPIC實務應用'),
(2, '電腦網路及系統技術人員', '資訊倫理與法律'),
(3, '系統維護工程師', '資訊科技應用'),
(3, '系統維護工程師', '程式設計(一)'),
(3, '系統維護工程師', '計算機概論'),
(3, '系統維護工程師', '資訊管理導論'),
(3, '系統維護工程師', '程式設計(二)'),
(3, '系統維護工程師', '資料結構'),
(3, '系統維護工程師', '網路伺服器管理'),
(3, '系統維護工程師', '專題（一）'),
(3, '系統維護工程師', '作業研究'),
(3, '系統維護工程師', 'SCJP實務應用'),
(3, '系統維護工程師', '專題（二）'),
(3, '系統維護工程師', '作業系統'),
(3, '系統維護工程師', '.NET實務應用'),
(3, '系統維護工程師', '企業資源規劃'),
(3, '系統維護工程師', '專題（三）'),
(3, '系統維護工程師', 'LPIC實務應用'),
(3, '系統維護工程師', '網路商務經營模式'),
(3, '系統維護工程師', '資訊倫理與法律'),
(4, '產品設備維修工程師', '計算機概論'),
(4, '產品設備維修工程師', '專題(一)'),
(4, '產品設備維修工程師', '專題(二)'),
(4, '產品設備維修工程師', '專題(三)'),
(5, '資訊助理人員', '管理學'),
(5, '資訊助理人員', '資訊科技應用'),
(5, '資訊助理人員', '數位媒體概論'),
(5, '資訊助理人員', '程式設計(一)'),
(5, '資訊助理人員', '資料處理'),
(5, '資訊助理人員', '經濟學'),
(5, '資訊助理人員', '計算機概論'),
(5, '資訊助理人員', '資訊管理導論'),
(5, '資訊助理人員', '程式設計(二)'),
(5, '資訊助理人員', '財務管理'),
(5, '資訊助理人員', '人力資源管理'),
(5, '資訊助理人員', '網站美工與視覺設計'),
(5, '資訊助理人員', '物件導向設計原理'),
(5, '資訊助理人員', '網路行銷'),
(5, '資訊助理人員', '資訊網路'),
(5, '資訊助理人員', '網路伺服器管理'),
(5, '資訊助理人員', '視窗程式設計'),
(5, '資訊助理人員', '網頁程式設計'),
(5, '資訊助理人員', '專題(一)'),
(5, '資訊助理人員', '作業研究'),
(5, '資訊助理人員', '資料庫應用'),
(5, '資訊助理人員', '電子商務'),
(5, '資訊助理人員', '網際網路程式設計'),
(5, '資訊助理人員', '商務實務經營系統模擬'),
(5, '資訊助理人員', '專題(二)'),
(5, '資訊助理人員', '作業系統'),
(5, '資訊助理人員', '供應鏈管理'),
(5, '資訊助理人員', '專案管理'),
(5, '資訊助理人員', '知識管理'),
(5, '資訊助理人員', '企業資源規劃'),
(5, '資訊助理人員', '企業資源規劃實務'),
(5, '資訊助理人員', '專題(三)'),
(5, '資訊助理人員', '顧客關係管理'),
(5, '資訊助理人員', '企業倫理'),
(5, '資訊助理人員', '網路商務經營模式'),
(5, '資訊助理人員', '電子商務網站實務'),
(5, '資訊助理人員', '資訊倫理與法律'),
(5, '資訊助理人員', '創業管理'),
(5, '資訊助理人員', '資訊科技產業講座'),
(5, '資訊助理人員', '商業地理資訊系統'),
(6, '資訊及通訊操作技術人員', '管理學'),
(6, '資訊及通訊操作技術人員', '資訊科技應用'),
(6, '資訊及通訊操作技術人員', '資料處理'),
(6, '資訊及通訊操作技術人員', '計算機概論'),
(6, '資訊及通訊操作技術人員', '資訊管理導論'),
(6, '資訊及通訊操作技術人員', '資訊網路'),
(6, '資訊及通訊操作技術人員', '網路伺服器管理'),
(6, '資訊及通訊操作技術人員', '專題(一)'),
(6, '資訊及通訊操作技術人員', '作業研究'),
(6, '資訊及通訊操作技術人員', '電子商務'),
(6, '資訊及通訊操作技術人員', '商務實務經營系統模擬'),
(6, '資訊及通訊操作技術人員', '專題(二)'),
(6, '資訊及通訊操作技術人員', '專案管理'),
(6, '資訊及通訊操作技術人員', '企業資源規劃實務'),
(6, '資訊及通訊操作技術人員', '專題(三)'),
(6, '資訊及通訊操作技術人員', '顧客關係管理'),
(6, '資訊及通訊操作技術人員', 'LPIC實務應用'),
(6, '資訊及通訊操作技術人員', '網路商務經營模式'),
(6, '資訊及通訊操作技術人員', '資訊倫理與法律'),
(6, '資訊及通訊操作技術人員', '創業管理'),
(6, '資訊及通訊操作技術人員', '資訊科技產業講座'),
(7, '資訊及通訊技術服務經理人員', '資訊管理導論'),
(7, '資訊及通訊技術服務經理人員', '計算機概論'),
(7, '資訊及通訊技術服務經理人員', '網路伺服器管理'),
(7, '資訊及通訊技術服務經理人員', '專題(一)'),
(7, '資訊及通訊技術服務經理人員', '專題(二)'),
(7, '資訊及通訊技術服務經理人員', '企業資源規劃實務'),
(7, '資訊及通訊技術服務經理人員', '專題(三)'),
(7, '資訊及通訊技術服務經理人員', '顧客關係管理'),
(7, '資訊及通訊技術服務經理人員', '資訊倫理與法律'),
(7, '資訊及通訊技術服務經理人員', '資訊科技產業講座'),
(8, '系統工程師', '資訊科技應用'),
(8, '系統工程師', '計算機概論'),
(8, '系統工程師', '資料結構'),
(8, '系統工程師', '組織理論與資訊發展'),
(8, '系統工程師', '系統分析與設計'),
(8, '系統工程師', '專題（一）'),
(8, '系統工程師', '作業研究'),
(8, '系統工程師', 'SCJP實務應用'),
(8, '系統工程師', '專題（二）'),
(8, '系統工程師', '作業系統'),
(8, '系統工程師', '.NET實務應用'),
(8, '系統工程師', '系統動力學'),
(8, '系統工程師', '專題（三）'),
(9, '系統分析師', '資訊科技應用'),
(9, '系統分析師', '數位媒體概論'),
(9, '系統分析師', '資料處理'),
(9, '系統分析師', '經濟學'),
(9, '系統分析師', '計算機概論'),
(9, '系統分析師', '資訊管理導論'),
(9, '系統分析師', '網站美工與視覺設計'),
(9, '系統分析師', '物件導向設計原理'),
(9, '系統分析師', '組織理論與資訊發展'),
(9, '系統分析師', '系統分析與設計'),
(9, '系統分析師', '專題（一）'),
(9, '系統分析師', '作業研究'),
(9, '系統分析師', '資料庫應用'),
(9, '系統分析師', '電子商務'),
(9, '系統分析師', '商業智慧概論'),
(9, '系統分析師', '商務實務經營系統模擬'),
(9, '系統分析師', '專題（二）'),
(9, '系統分析師', '作業系統'),
(9, '系統分析師', '決策支援系統'),
(9, '系統分析師', '作業研究專題'),
(9, '系統分析師', '專題（三）'),
(9, '系統分析師', '網路商務經營模式'),
(9, '系統分析師', '創業管理'),
(10, '系統分析工程師', '資訊科技應用'),
(10, '系統分析工程師', '網站美工與視覺設計'),
(10, '系統分析工程師', '組織理論與資訊發展'),
(10, '系統分析工程師', '資料庫管理'),
(10, '系統分析工程師', '資訊網路'),
(10, '系統分析工程師', '專題（一）'),
(10, '系統分析工程師', '專題（二）'),
(10, '系統分析工程師', '專案管理'),
(10, '系統分析工程師', '專題（三）'),
(10, '系統分析工程師', '資訊倫理與法律'),
(11, '軟體設計工程師', '資訊科技應用'),
(11, '軟體設計工程師', '數位媒體概論'),
(11, '軟體設計工程師', '程式設計(一)'),
(11, '軟體設計工程師', '微積分(一)'),
(11, '軟體設計工程師', '資料處理'),
(11, '軟體設計工程師', '計算機概論'),
(11, '軟體設計工程師', '程式設計(二)'),
(11, '軟體設計工程師', '微積分(二)'),
(11, '軟體設計工程師', '統計學'),
(11, '軟體設計工程師', '資料結構'),
(11, '軟體設計工程師', '組織理論與資訊發展'),
(11, '軟體設計工程師', '資料庫管理'),
(11, '軟體設計工程師', '系統分析與設計'),
(11, '軟體設計工程師', '統計學進階'),
(11, '軟體設計工程師', '專題（一）'),
(11, '軟體設計工程師', '作業研究'),
(11, '軟體設計工程師', '演算法'),
(11, '軟體設計工程師', '商業智慧概論'),
(11, '軟體設計工程師', 'SCJP實務應用'),
(11, '軟體設計工程師', '資料探勘'),
(11, '軟體設計工程師', '專題（二）'),
(11, '軟體設計工程師', '作業系統'),
(11, '軟體設計工程師', '供應鏈管理'),
(11, '軟體設計工程師', '.NET實務應用'),
(11, '軟體設計工程師', '專題（三）'),
(11, '軟體設計工程師', '顧客關係管理'),
(11, '軟體設計工程師', '電子商務網站實務'),
(11, '軟體設計工程師', '資訊倫理與法律'),
(11, '軟體設計工程師', '創業管理'),
(12, '資料庫設計師/管理師', '管理學'),
(12, '資料庫設計師/管理師', '數位媒體概論'),
(12, '資料庫設計師/管理師', '程式設計(一)'),
(12, '資料庫設計師/管理師', '資料處理'),
(12, '資料庫設計師/管理師', '計算機概論'),
(12, '資料庫設計師/管理師', '資訊管理導論'),
(12, '資料庫設計師/管理師', '程式設計(二)'),
(12, '資料庫設計師/管理師', '財務管理'),
(12, '資料庫設計師/管理師', '管理數學'),
(12, '資料庫設計師/管理師', '資料結構'),
(12, '資料庫設計師/管理師', '網站美工與視覺設計'),
(12, '資料庫設計師/管理師', '資料庫管理'),
(12, '資料庫設計師/管理師', '系統分析與設計'),
(12, '資料庫設計師/管理師', '專題（一）'),
(12, '資料庫設計師/管理師', '作業研究'),
(12, '資料庫設計師/管理師', '資料庫應用'),
(12, '資料庫設計師/管理師', '電子商務'),
(12, '資料庫設計師/管理師', '商業智慧概論'),
(12, '資料庫設計師/管理師', '商務實務經營系統模擬'),
(12, '資料庫設計師/管理師', '資料探勘'),
(12, '資料庫設計師/管理師', '專題（二）'),
(12, '資料庫設計師/管理師', '決策支援系統'),
(12, '資料庫設計師/管理師', '.NET實務應用'),
(12, '資料庫設計師/管理師', '專案管理'),
(12, '資料庫設計師/管理師', '知識管理'),
(12, '資料庫設計師/管理師', '企業資源規劃'),
(12, '資料庫設計師/管理師', '專題（三）'),
(12, '資料庫設計師/管理師', '顧客關係管理'),
(12, '資料庫設計師/管理師', '企業倫理'),
(12, '資料庫設計師/管理師', '網路商務經營模式'),
(12, '資料庫設計師/管理師', '資訊倫理與法律'),
(12, '資料庫設計師/管理師', '創業管理'),
(12, '資料庫設計師/管理師', '資訊科技產業講座'),
(13, '數學精算及統計學專業人員', '會計學'),
(13, '數學精算及統計學專業人員', '微積分(一)'),
(13, '數學精算及統計學專業人員', '經濟學'),
(13, '數學精算及統計學專業人員', '微積分(二)'),
(13, '數學精算及統計學專業人員', '財務管理'),
(13, '數學精算及統計學專業人員', '統計學'),
(13, '數學精算及統計學專業人員', '管理數學'),
(13, '數學精算及統計學專業人員', '統計學進階'),
(13, '數學精算及統計學專業人員', '專題(一)'),
(13, '數學精算及統計學專業人員', '作業研究'),
(13, '數學精算及統計學專業人員', '商業智慧概論'),
(13, '數學精算及統計學專業人員', '資料探勘'),
(13, '數學精算及統計學專業人員', '專題(二)'),
(13, '數學精算及統計學專業人員', '資訊安全'),
(13, '數學精算及統計學專業人員', '企業資源規劃'),
(13, '數學精算及統計學專業人員', '系統動力學'),
(13, '數學精算及統計學專業人員', '作業研究專題'),
(13, '數學精算及統計學專業人員', '企業資源規劃實務'),
(13, '數學精算及統計學專業人員', '專題(三)'),
(13, '數學精算及統計學專業人員', '企業倫理'),
(13, '數學精算及統計學專業人員', '系統模擬'),
(14, '金融分析／經濟學專業人員', '會計學'),
(14, '金融分析／經濟學專業人員', '微積分(一)'),
(14, '金融分析／經濟學專業人員', '經濟學'),
(14, '金融分析／經濟學專業人員', '微積分(二)'),
(14, '金融分析／經濟學專業人員', '財務管理'),
(14, '金融分析／經濟學專業人員', '統計學'),
(14, '金融分析／經濟學專業人員', '管理數學'),
(14, '金融分析／經濟學專業人員', '統計學進階'),
(14, '金融分析／經濟學專業人員', '專題(一)'),
(14, '金融分析／經濟學專業人員', '作業研究'),
(14, '金融分析／經濟學專業人員', '商業智慧概論'),
(14, '金融分析／經濟學專業人員', '資料探勘'),
(14, '金融分析／經濟學專業人員', '資訊安全'),
(14, '金融分析／經濟學專業人員', '企業資源規劃'),
(14, '金融分析／經濟學專業人員', '企業資源規劃實務'),
(14, '金融分析／經濟學專業人員', '專題(三)'),
(14, '金融分析／經濟學專業人員', '企業倫理'),
(14, '金融分析／經濟學專業人員', '資訊科技產業講座'),
(15, 'MIS／網管人員', '數位媒體概論'),
(15, 'MIS／網管人員', '計算機概論'),
(15, 'MIS／網管人員', '統計學'),
(15, 'MIS／網管人員', '網站美工與視覺設計'),
(15, 'MIS／網管人員', '組織理論與資訊發展'),
(15, 'MIS／網管人員', '資料庫管理'),
(15, 'MIS／網管人員', '資訊網路'),
(15, 'MIS／網管人員', '網路伺服器管理'),
(15, 'MIS／網管人員', '視窗程式設計'),
(15, 'MIS／網管人員', '作業研究'),
(15, 'MIS／網管人員', '資料庫應用'),
(15, 'MIS／網管人員', '電子商務'),
(15, 'MIS／網管人員', '商業智慧概論'),
(15, 'MIS／網管人員', '商務實務經營系統模擬'),
(15, 'MIS／網管人員', '資料探勘'),
(15, 'MIS／網管人員', '專題(一)'),
(15, 'MIS／網管人員', '專題(二)'),
(15, 'MIS／網管人員', '決策支援系統'),
(15, 'MIS／網管人員', '.NET實務應用'),
(15, 'MIS／網管人員', '專案管理'),
(15, 'MIS／網管人員', '企業資源規劃'),
(15, 'MIS／網管人員', '專題(三)'),
(15, 'MIS／網管人員', '顧客關係管理'),
(15, 'MIS／網管人員', 'LPIC實務應用'),
(15, 'MIS／網管人員', '網路商務經營模式'),
(15, 'MIS／網管人員', '資訊倫理與法律'),
(15, 'MIS／網管人員', '創業管理'),
(15, 'MIS／網管人員', '資訊科技產業講座'),
(16, 'MIS工程師', '資訊科技應用'),
(16, 'MIS工程師', '數位媒體概論'),
(16, 'MIS工程師', '資訊管理導論'),
(16, 'MIS工程師', '微積分(一)'),
(16, 'MIS工程師', '統計學'),
(16, 'MIS工程師', '資料結構'),
(16, 'MIS工程師', '網站美工與視覺設計'),
(16, 'MIS工程師', '資料庫管理'),
(16, 'MIS工程師', '資訊網路'),
(16, 'MIS工程師', '網頁程式設計'),
(16, 'MIS工程師', '統計學進階'),
(16, 'MIS工程師', '專題（一）'),
(16, 'MIS工程師', '作業研究'),
(16, 'MIS工程師', '資料庫應用'),
(16, 'MIS工程師', '電子商務'),
(16, 'MIS工程師', '商業智慧概論'),
(16, 'MIS工程師', 'SCJP實務應用'),
(16, 'MIS工程師', '資料探勘'),
(16, 'MIS工程師', '專題（二）'),
(16, 'MIS工程師', '作業系統'),
(16, 'MIS工程師', '供應鏈管理'),
(16, 'MIS工程師', '決策支援系統'),
(16, 'MIS工程師', '.NET實務應用'),
(16, 'MIS工程師', '專案管理'),
(16, 'MIS工程師', '專題（三）'),
(16, 'MIS工程師', '顧客關係管理'),
(16, 'MIS工程師', '網路商務經營模式'),
(16, 'MIS工程師', '創業管理'),
(16, 'MIS工程師', '資訊科技產業講座'),
(17, '市場調查分析主管人員', '會計學'),
(17, '市場調查分析主管人員', '資料處理'),
(17, '市場調查分析主管人員', '財務管理'),
(17, '市場調查分析主管人員', '統計學'),
(17, '市場調查分析主管人員', '人力資源管理'),
(17, '市場調查分析主管人員', '管理數學'),
(17, '市場調查分析主管人員', '組織理論與資訊發展'),
(17, '市場調查分析主管人員', '統計學進階'),
(17, '市場調查分析主管人員', '專題(一)'),
(17, '市場調查分析主管人員', '作業研究'),
(17, '市場調查分析主管人員', '英文論文閱讀'),
(17, '市場調查分析主管人員', '商業智慧概論'),
(17, '市場調查分析主管人員', '商務實務經營系統模擬'),
(17, '市場調查分析主管人員', '資料探勘'),
(17, '市場調查分析主管人員', '專題(二)'),
(17, '市場調查分析主管人員', '英文論文寫作'),
(17, '市場調查分析主管人員', '專案管理'),
(17, '市場調查分析主管人員', '知識管理'),
(17, '市場調查分析主管人員', '企業資源規劃'),
(17, '市場調查分析主管人員', '系統動力學'),
(17, '市場調查分析主管人員', '作業研究專題'),
(17, '市場調查分析主管人員', '專題(三)'),
(17, '市場調查分析主管人員', '顧客關係管理'),
(17, '市場調查分析主管人員', '企業倫理'),
(17, '市場調查分析主管人員', '網路商務經營模式'),
(17, '市場調查分析主管人員', '資訊倫理與法律'),
(17, '市場調查分析主管人員', '創業管理'),
(17, '市場調查分析主管人員', '系統模擬'),
(17, '市場調查分析主管人員', '資訊科技產業講座'),
(18, '資訊及通訊技術銷售專業人員', '資訊科技應用'),
(18, '資訊及通訊技術銷售專業人員', '計算機概論'),
(18, '資訊及通訊技術銷售專業人員', '財務管理'),
(18, '資訊及通訊技術銷售專業人員', '管理數學'),
(18, '資訊及通訊技術銷售專業人員', '組織理論與資訊發展'),
(18, '資訊及通訊技術銷售專業人員', '網路行銷'),
(18, '資訊及通訊技術銷售專業人員', '資訊網路'),
(18, '資訊及通訊技術銷售專業人員', '網路伺服器管理'),
(18, '資訊及通訊技術銷售專業人員', '專題(一)'),
(18, '資訊及通訊技術銷售專業人員', '作業研究'),
(18, '資訊及通訊技術銷售專業人員', '商務實務經營系統模擬'),
(18, '資訊及通訊技術銷售專業人員', '專題(二)'),
(18, '資訊及通訊技術銷售專業人員', '.NET實務應用'),
(18, '資訊及通訊技術銷售專業人員', '專題(三)'),
(18, '資訊及通訊技術銷售專業人員', 'LPIC實務應用'),
(18, '資訊及通訊技術銷售專業人員', '顧客關係管理'),
(18, '資訊及通訊技術銷售專業人員', '企業倫理'),
(18, '資訊及通訊技術銷售專業人員', '網路商務經營模式'),
(18, '資訊及通訊技術銷售專業人員', '資訊倫理與法律'),
(18, '資訊及通訊技術銷售專業人員', '資訊科技產業講座'),
(19, '客戶服務工程師', '統計學'),
(19, '客戶服務工程師', '人力資源管理'),
(19, '客戶服務工程師', '統計學進階'),
(19, '客戶服務工程師', '商業智慧概論'),
(19, '客戶服務工程師', '資料探勘'),
(19, '客戶服務工程師', '企業資源規劃'),
(19, '客戶服務工程師', '企業資源規劃實務'),
(20, '電腦網路專業人員', '專題(一)'),
(20, '電腦網路專業人員', '專題(二)'),
(20, '電腦網路專業人員', '專題(三)'),
(21, '網路/資訊安全分析師', '專題(一)'),
(21, '網路/資訊安全分析師', '專題(二)'),
(21, '網路/資訊安全分析師', '專題(三)'),
(22, '網路管理工程師', '網路行銷'),
(22, '網路管理工程師', '專題(一)'),
(22, '網路管理工程師', '專題(二)'),
(22, '網路管理工程師', '專題(三)'),
(23, '網路維運工程師', '專題(一)'),
(23, '網路維運工程師', '專題(二)'),
(23, '網路維運工程師', '專題(三)'),
(24, '業務支援工程師', '統計學'),
(24, '業務支援工程師', '資料探勘'),
(24, '業務支援工程師', '企業資源規劃'),
(24, '業務支援工程師', '專題(一)'),
(24, '業務支援工程師', '專題(二)'),
(24, '業務支援工程師', '專題(三)'),
(25, '資訊及通訊使用者支援技術人員', '物件導向設計原理'),
(25, '資訊及通訊使用者支援技術人員', '企業資源規劃'),
(25, '資訊及通訊使用者支援技術人員', '企業資源規劃實務'),
(25, '資訊及通訊使用者支援技術人員', '專題(一)'),
(25, '資訊及通訊使用者支援技術人員', '專題(二)'),
(25, '資訊及通訊使用者支援技術人員', '專題(三)'),
(26, '網頁設計師', '物件導向設計原理'),
(26, '網頁設計師', '系統分析與設計'),
(26, '網頁設計師', '網路行銷'),
(26, '網頁設計師', '視窗程式設計'),
(26, '網頁設計師', '網頁程式設計'),
(26, '網頁設計師', '網際網路程式設計'),
(26, '網頁設計師', '專題(一)'),
(26, '網頁設計師', '專題(二)'),
(26, '網頁設計師', '專題(三)'),
(27, '電玩程式設計師', '物件導向設計原理'),
(27, '電玩程式設計師', '視窗程式設計'),
(27, '電玩程式設計師', '專題(一)'),
(27, '電玩程式設計師', '專題(二)'),
(27, '電玩程式設計師', '專題(三)'),
(28, '網站程式設計師', '統計學'),
(28, '網站程式設計師', '視窗程式設計'),
(28, '網站程式設計師', '統計學進階'),
(28, '網站程式設計師', '網頁程式設計'),
(28, '網站程式設計師', '網際網路程式設計'),
(28, '網站程式設計師', '專題(一)'),
(28, '網站程式設計師', '專題(二)'),
(28, '網站程式設計師', '專題(三)'),
(29, '演算法開發工程師', '微積分(一)'),
(29, '演算法開發工程師', '微積分(二)'),
(29, '演算法開發工程師', '統計學'),
(29, '演算法開發工程師', '統計學進階'),
(29, '演算法開發工程師', '演算法'),
(29, '演算法開發工程師', '商業智慧概論'),
(29, '演算法開發工程師', '資料探勘'),
(29, '演算法開發工程師', '專題(一)'),
(29, '演算法開發工程師', '專題(二)'),
(29, '演算法開發工程師', '專題(三)');

CREATE TABLE IF NOT EXISTS `student` (
  `s_id` varchar(10) COLLATE utf8_unicode_ci NOT NULL COMMENT '學生學號',
  `s_department` varchar(20) COLLATE utf8_unicode_ci NOT NULL COMMENT '系別',
  `s_name` varchar(30) COLLATE utf8_unicode_ci NOT NULL COMMENT '學生姓名',
  PRIMARY KEY (`s_id`)
) ENGINE=InnoDB DEFAULT CHARSET=utf8 COLLATE=utf8_unicode_ci COMMENT='學生資料表';

CREATE TABLE IF NOT EXISTS `student_license` (
  `s_id` varchar(10) COLLATE utf8_unicode_ci NOT NULL COMMENT '學生學號',
  `l_id` int(2) NOT NULL COMMENT '證照編號',
  `l_getdate` date NOT NULL COMMENT '考取日期'
) ENGINE=InnoDB DEFAULT CHARSET=utf8 COLLATE=utf8_unicode_ci COMMENT='學生取得證照';

INSERT INTO `student_license` (`s_id`, `l_id`, `l_getdate`) VALUES
('A0128307', 1, '2015-04-15'),
('A0128307', 3, '2015-02-21'),
('A0128307', 15, '2013-10-07'),
('A0128307', 17, '2014-11-14');

CREATE TABLE IF NOT EXISTS `student_subject` (
  `s_id` varchar(10) COLLATE utf8_unicode_ci NOT NULL COMMENT '學號',
  `subject_id` int(5) NOT NULL COMMENT '課程編號',
  `score` int(4) NOT NULL COMMENT '成績',
  `status` int(1) NOT NULL COMMENT '0.通過 1.未修 2.停修 3.正在修 4.未通過 5.重修 6.三修 7.四修',
  `class_rank` int(2) DEFAULT NULL COMMENT '班級排名',
  `pNum` int(2) DEFAULT NULL COMMENT '修課人數'
) ENGINE=InnoDB DEFAULT CHARSET=utf8 COLLATE=utf8_unicode_ci COMMENT='學生修課';

CREATE TABLE IF NOT EXISTS `subject` (
  `subject_id` int(10) NOT NULL AUTO_INCREMENT COMMENT '課程編號',
  `year` varchar(3) COLLATE utf8_unicode_ci NOT NULL COMMENT '學年',
  `semester` varchar(2) COLLATE utf8_unicode_ci NOT NULL COMMENT '學期',
  `department` varchar(30) COLLATE utf8_unicode_ci NOT NULL COMMENT '科系',
  `grade` varchar(2) COLLATE utf8_unicode_ci NOT NULL COMMENT '年級',
  `subject_name` varchar(50) COLLATE utf8_unicode_ci NOT NULL COMMENT '課程名稱',
  PRIMARY KEY (`subject_id`)
) ENGINE=InnoDB  DEFAULT CHARSET=utf8 COLLATE=utf8_unicode_ci COMMENT='全校課程表' AUTO_INCREMENT=66 ;

INSERT INTO `subject` (`subject_id`, `year`, `semester`, `department`, `grade`, `subject_name`) VALUES
(1, '101', '一', '資訊管理學系', '一', '會計學'),
(2, '101', '一', '資訊管理學系', '一', '管理學'),
(3, '101', '一', '資訊管理學系', '一', '資訊科技應用'),
(4, '101', '一', '資訊管理學系', '一', '數位媒體概論'),
(5, '101', '一', '資訊管理學系', '一', '程式設計(一)'),
(6, '101', '一', '資訊管理學系', '一', '微積分(一)'),
(7, '101', '二', '資訊管理學系', '一', '程式設計(二)'),
(8, '101', '二', '資訊管理學系', '一', '資料處理'),
(9, '101', '二', '資訊管理學系', '一', '經濟學'),
(10, '101', '二', '資訊管理學系', '一', '計算機概論'),
(11, '101', '二', '資訊管理學系', '一', '資訊管理導論'),
(12, '101', '二', '資訊管理學系', '一', '微積分(二)'),
(13, '102', '一', '資訊管理學系', '二', '統計學'),
(14, '102', '一', '資訊管理學系', '二', '資料結構'),
(15, '102', '一', '資訊管理學系', '二', '物件導向設計原理'),
(16, '102', '一', '資訊管理學系', '二', '財務管理'),
(17, '102', '一', '資訊管理學系', '二', '人力資源管理'),
(18, '102', '一', '資訊管理學系', '二', '管理數學'),
(19, '102', '一', '資訊管理學系', '二', '作業管理'),
(20, '102', '一', '資訊管理學系', '二', '網站美工與視覺設計'),
(21, '102', '一', '資訊管理學系', '二', '組織理論與資訊發展'),
(22, '102', '二', '資訊管理學系', '二', '資料庫管理'),
(23, '102', '二', '資訊管理學系', '二', '系統分析與設計'),
(24, '102', '二', '資訊管理學系', '二', '資訊網路'),
(25, '102', '二', '資訊管理學系', '二', '網頁程式設計'),
(26, '102', '二', '資訊管理學系', '二', '網路行銷'),
(27, '102', '二', '資訊管理學系', '二', '網路伺服器管理'),
(28, '102', '二', '資訊管理學系', '二', '視窗程式設計'),
(29, '102', '二', '資訊管理學系', '二', '統計學進階'),
(30, '103', '一', '資訊管理學系', '三', '專題(一)'),
(31, '103', '一', '資訊管理學系', '三', '電子商務'),
(32, '103', '一', '資訊管理學系', '三', '網際網路程式設計'),
(33, '103', '一', '資訊管理學系', '三', '商業智慧概論'),
(34, '103', '一', '資訊管理學系', '三', '作業研究'),
(35, '103', '一', '資訊管理學系', '三', '資料庫應用'),
(36, '103', '一', '資訊管理學系', '三', '英文論文閱讀'),
(37, '103', '一', '資訊管理學系', '三', '演算法'),
(38, '103', '一', '資訊管理學系', '三', 'SCJP實務應用'),
(39, '103', '一', '資訊管理學系', '三', '商務實務經營系統模擬'),
(40, '103', '一', '資訊管理學系', '三', '資料探勘'),
(41, '103', '二', '資訊管理學系', '三', '專題(二)'),
(42, '103', '二', '資訊管理學系', '三', '供應鏈管理'),
(43, '103', '二', '資訊管理學系', '三', '企業資源規劃'),
(44, '103', '二', '資訊管理學系', '三', '作業系統'),
(45, '103', '二', '資訊管理學系', '三', '資訊安全'),
(46, '103', '二', '資訊管理學系', '三', '決策支援系統'),
(47, '103', '二', '資訊管理學系', '三', '.NET實務應用'),
(48, '103', '二', '資訊管理學系', '三', '英文論文寫作'),
(49, '103', '二', '資訊管理學系', '三', '行動商務程式設計'),
(50, '103', '二', '資訊管理學系', '三', '專案管理'),
(51, '103', '二', '資訊管理學系', '三', '知識管理'),
(52, '103', '二', '資訊管理學系', '三', '系統動力系學'),
(53, '103', '二', '資訊管理學系', '三', '作業研究專題'),
(54, '104', '一', '資訊管理學系', '四', '專題(三)'),
(55, '104', '一', '資訊管理學系', '四', '企業倫理'),
(56, '104', '一', '資訊管理學系', '四', '企業資源規劃實務'),
(57, '104', '一', '資訊管理學系', '四', 'LPIC實務應用'),
(58, '104', '一', '資訊管理學系', '四', '網路商務經營模式'),
(59, '104', '一', '資訊管理學系', '四', '電子商務網站實務'),
(60, '104', '一', '資訊管理學系', '四', '資訊倫理與法律'),
(61, '104', '二', '資訊管理學系', '四', '顧客關係管理'),
(62, '104', '二', '資訊管理學系', '四', '創業管理'),
(63, '104', '二', '資訊管理學系', '四', '系統模擬'),
(64, '104', '二', '資訊管理學系', '四', '資訊科技產業講座'),
(65, '104', '二', '資訊管理學系', '四', '商業地理資訊系統');

CREATE TABLE IF NOT EXISTS `system_log` (
  `log_id` int(11) NOT NULL AUTO_INCREMENT,
  `log_type` varchar(32) NOT NULL,
  `log_message` text NOT NULL,
  `log_php_message` varchar(255) NOT NULL,
  `log_ip_origin` varchar(100) NOT NULL,
  `log_user_agent` varchar(100) NOT NULL,
  `log_date` datetime NOT NULL,
  PRIMARY KEY (`log_id`)
) ENGINE=InnoDB DEFAULT CHARSET=utf8 AUTO_INCREMENT=1 ;

CREATE TABLE IF NOT EXISTS `tblregistration` (
  `id` int(10) NOT NULL AUTO_INCREMENT,
  `registration_id` varchar(250) COLLATE utf8_unicode_ci NOT NULL,
  `platform` varchar(20) COLLATE utf8_unicode_ci NOT NULL DEFAULT 'android',
  `timestamp` timestamp NOT NULL DEFAULT CURRENT_TIMESTAMP ON UPDATE CURRENT_TIMESTAMP,
  PRIMARY KEY (`id`),
  UNIQUE KEY `registration_id` (`registration_id`)
) ENGINE=InnoDB  DEFAULT CHARSET=utf8 COLLATE=utf8_unicode_ci AUTO_INCREMENT=109 ;

INSERT INTO `tblregistration` (`id`, `registration_id`, `platform`, `timestamp`) VALUES
(91, '90d2cd8a18ac00828915d7bdd4aec4207d45db04d0db87a08e334d6aae8386d3', 'iphone', '2014-08-22 05:48:47'),
(101, 'APA91bGjID-csDZ0Jxigy96V_Vmsqjhe-H49jNZFL3W5dPT9G0kS6KoxPeBA19Sbq8vRPWgLes8K1a2knv8tHfesb6v4bONc1MEvKhB362n3srF_D57YcgzQwzQaE2esKaCBvUIkZUcO__RkESFj4VWZ_NA86Ul8jQ', 'android', '2014-10-15 05:46:49'),
(102, 'APA91bG8kOiecRS7MWIRtQAAK0Q3qsFcfXVYtwYt5YHKp7uW9DsdSNnm6ynauys_wpn_iM7RyY3h3wTGY9pnZrM3dJ42T9SOZkCbaKw7YD1rzm_LgTHfhJWQoloYBUzgZqNjJ2ga12Ur', 'android', '2014-11-04 13:03:29'),
(103, 'APA91bEJXRoFPrX2TuNH2tOShPQ99c4ro4pm_gQGH9pZOH0iPsIVuXAHT86BxE-voftS_H10ulgtnH9010I-ekFOfrpbkywAP95MF7WS1hpkrzCHz3Y9QpEajkYFsdjN9b5jA3TaBEURfQ0_4NFS3FMBYpt00EILYA', 'android', '2014-11-07 04:40:34'),
(104, 'APA91bH3UV2y51IkuBVunIewBVkRrhi8GeEGiwvxleDqggdCVjbhOn7iHGc9VZmLHfi2m1rE2WVxMWOX8gX5PT6lSnwveUXQCut3SLHwJEXLYmuoiC99IQVRTq15yS39c4WwCimSl6riyjajEztPTzUxwv32bEdIqw', 'android', '2014-11-06 12:25:25'),
(105, 'APA91bFJRfrrxmDdfN0KSTwZ9fyqDhTm21bj89h2ykYjTOq8pGQtUfibk5RqMJXDXnhapvs-LixmJb1WObKqpkeLxEQqrTbVaGoV3iYqRvrF_Y225sAKGCIR6z2hCXhF5jWKybl2vtvNneaPeQ5WgfUOTKWSUQTNqQ', 'android', '2014-11-06 12:29:58'),
(106, 'APA91bEZ1vadNz0598SFR1FeWDLBh_wEFBaCTdRjgzbTS8e-RmTkYSbZcaizNqJUf2AkJlbiBWGedSVvyGmiHT7gR5e_EEhAK-emxNdJXfA1LoAXEJLmjMqQBTBmP8o_EGpvT1bR_Ksq0hmcIcVcJbY2H__7LUo2SQ', 'android', '2014-11-07 16:53:36'),
(107, 'APA91bFGMplKTvFVxdPeHTezFG-Y1t5bXtg99zL04ed0fy8ZRnKR0PUTVNomsucjATR3lp2Jvkizmtq9gWG3swfvjH6mv0LD393JNaMm5X4IGXeB0V2cud1MS8qumwB1PbDEpuj4Ctjr', 'android', '2015-05-07 08:54:28'),
(108, 'APA91bEkiKlkiC-mydg1H7iY5L05HkVo5-tV5oJaYqmK_d7RlsMangL03Ot4SUgUV-9_f9YcOE9A0Af4n-Cl3flBm7gNcKiJitONMI7g-DqXJIMwYHUHKG3LY1CK6YqyK51oTU2cjuUW', 'android', '2015-05-14 00:55:00');

CREATE TABLE IF NOT EXISTS `track` (
  `s_id` varchar(8) COLLATE utf8_unicode_ci NOT NULL COMMENT '學生學號',
  `jt_id` int(11) NOT NULL COMMENT '職稱編號',
  `t_date` date NOT NULL COMMENT '追蹤時間'
) ENGINE=InnoDB DEFAULT CHARSET=utf8 COLLATE=utf8_unicode_ci COMMENT='追蹤職業';

INSERT INTO `track` (`s_id`, `jt_id`, `t_date`) VALUES
('A0128369', 5, '2015-06-22'),
('A0128307', 6, '2015-06-30'),
('A0128369', 7, '2015-06-24'),
('A0128369', 13, '2015-07-11'),
('A0128369', 19, '2015-07-15'),
('A0128369', 23, '2015-07-16'),
('A0128369', 26, '2015-08-20'),
('', 0, '2015-12-13'),
('', 0, '2015-12-22'),
('', 0, '2015-12-28'),
('', 0, '2015-12-28'),
('', 0, '2015-12-28'),
('', 0, '2015-12-28'),
('', 0, '2015-12-28'),
('', 0, '2015-12-28'),
('', 0, '2015-12-28'),
('', 0, '2015-12-28'),
('', 0, '2015-12-28'),
('', 0, '2015-12-28');

/*!40101 SET CHARACTER_SET_CLIENT=@OLD_CHARACTER_SET_CLIENT */;
/*!40101 SET CHARACTER_SET_RESULTS=@OLD_CHARACTER_SET_RESULTS */;
/*!40101 SET COLLATION_CONNECTION=@OLD_COLLATION_CONNECTION */;
